profile id,#friends,#following,#community,age,#postshared,#urlshared,#photos/videos,fpurls,fpphotos/videos,avgcomment/post,likes/post,tags/post,#tags/post,Label
1,39,300,907,200,1000,850,922,0.49,0.55,0.56,0.47,40,14,1
2,150,350,30,300,300,100,290,0.33,0.96,0.5,1.2,10,4,0
3,300,450,50,465,500,150,450,0.2,0.84,0.4,1.5,15,7,0
4,25,110,660,350,2050,2000,2050,0.975609756,1,0.7,0.3,54,21,1
5,24,100,150,800,950,1000,900,1.052631579,0.947368421,0.66,0.5,55,20,1
6,562,350,55,650,450,250,900,0.555555556,2,0.42,2.2,15,10,0
7,662,454,22,764,365,100,1000,0.273972603,2.739726027,0.31,2.5,23,10,0
8,50,100,700,350,2512,2000,2400,0.796178344,0.955414013,0.77,0.32,58,32,1
9,800,550,66,850,460,500,300,1.086956522,0.652173913,0.4,2,23,10,0
10,605,555,58,782,700,100,650,0.142857143,0.928571429,0.24,2.8,13,5,0
11,1005,380,13,1250,561,132,530,0.235294118,0.944741533,0.1,1.6,16,4,0
12,1632,560,84,651,789,87,760,0.11026616,0.963244613,0.46,1.9,35,12,0
13,2461,643,63,1523,756,123,713,0.162698413,0.943121693,0.46,2.8,13,17,0
14,561,312,46,625,326,65,300,0.199386503,0.920245399,0.35,2.3,32,15,0
15,1143,426,86,956,558,56,500,0.100358423,0.896057348,0.24,2.1,15,19,0
16,784,466,46,423,326,32,300,0.098159509,0.920245399,0.26,2.5,18,12,0
17,146,56,13,125,76,23,65,0.302631579,0.855263158,0.35,1.3,19,19,0
18,894,465,123,565,420,63,400,0.15,0.952380952,0.482,1,25,11,0
19,463,143,32,421,186,50,168,0.268817204,0.903225806,0.38,1.4,23,16,0
20,1164,786,46,864,546,95,500,0.173992674,0.915750916,0.36,1.5,29,13,0
21,265,165,26,410,130,25,115,0.192307692,0.884615385,0.32,1.9,26,14,0
22,632,164,29,476,331,46,302,0.13897281,0.912386707,0.41,0.8,27,15,0
23,789,652,56,432,187,46,176,0.245989305,0.941176471,0.57,0.7,29,13,0
24,146,138,13,269,138,24,200,0.173913043,1.449275362,0.38,1.3,27,19,0
25,864,975,78,366,214,75,187,0.35046729,0.873831776,0.33,1.4,19,18,0
26,1112,1234,96,846,364,105,300,0.288461538,0.824175824,0.44,1.9,23,17,0
27,1147,1232,87,961,226,42,202,0.185840708,0.89380531,0.22,1.5,22,19,0
28,1135,1542,97,511,444,35,394,0.078828829,0.887387387,0.32,1.6,16,11,0
29,2311,1666,54,964,555,78,500,0.140540541,0.900900901,0.22,1.1,36,6,0
30,1231,1164,88,642,554,32,522,0.057761733,0.942238267,0.21,0.9,33,10,0
31,1133,1124,33,1532,789,123,700,0.155893536,0.887198986,0.13,0.8,35,11,0
32,2321,1532,53,964,884,112,822,0.126696833,0.929864253,0.25,0.7,33,16,0
33,2862,2645,66,1523,562,85,550,0.151245552,0.978647687,0.16,0.6,22,29,0
34,460,323,36,1724,773,99,723,0.128072445,0.935316947,0.32,1.9,13,23,0
35,1386,1245,48,1894,886,84,840,0.094808126,0.948081264,0.13,1.4,18,18,0
36,2678,1648,66,1947,1231,66,1160,0.053614947,0.942323314,0.364,2,33,15,0
37,2216,1894,51,2697,1226,49,956,0.039967374,0.779771615,0.268,2.1,35,14,0
38,2649,2131,25,2246,1500,46,1463,0.030666667,0.975333333,0.21,1.6,26,13,0
39,2134,2364,33,2164,1700,68,1532,0.04,0.901176471,0.22,1.8,21,11,0
40,1123,1150,115,2246,1460,56,1163,0.038356164,0.796575342,0.33,1.1,22,5,0
41,1009,1123,32,1423,1112,36,635,0.032374101,0.571043165,0.321,1.88,36,4,0
42,1100,1356,49,1200,800,24,750,0.03,0.9375,0.213,1.4,24,9,0
43,149,153,26,264,108,28,99,0.259259259,0.916666667,0.13,1.6,11,11,0
44,1489,1009,45,365,321,58,300,0.180685358,0.934579439,0.18,1.8,14,13,0
45,1444,1564,63,225,210,21,210,0.1,1,0.11,1.3,23,16,0
46,1563,1142,31,606,521,55,500,0.105566219,0.959692898,0.09,0.99,19,13,0
47,2120,2130,39,753,650,85,623,0.130769231,0.958461538,0.095,0.85,13,10,0
48,3261,3225,84,798,564,96,546,0.170212766,0.968085106,0.32,0.75,22,15,0
49,1231,1364,59,465,336,87,301,0.258928571,0.895833333,0.21,0.87,28,16,0
50,889,1003,42,550,460,56,440,0.12173913,0.956521739,0.13,0.75,32,16,0
51,223,130,12,365,130,13,115,0.1,0.884615385,0.236,0.886,29,18,0
52,332,321,13,421,183,23,175,0.12568306,0.956284153,0.313,0.889,21,12,0
53,2135,2364,54,1005,786,150,760,0.190839695,0.96692112,0.42,0.66,34,16,0
54,3305,4510,168,1543,864,166,800,0.19212963,0.925925926,0.156,0.78,31,10,0
55,4462,5312,113,665,512,87,495,0.169921875,0.966796875,0.28,0.99,38,9,0
56,5554,4231,85,980,602,84,560,0.139534884,0.930232558,0.16,1.6,25,11,0
57,654,461,49,1520,1231,186,941,0.151096669,0.764419171,0.12,1.9,18,15,0
58,1546,1243,88,645,547,62,431,0.113345521,0.787934186,0.35,1.1,26,14,0
59,1143,987,65,1546,786,112,653,0.142493639,0.830788804,0.34,1.4,21,13,0
60,463,465,36,1502,623,68,581,0.109149278,0.93258427,0.292,1.4,14,10,0
61,561,482,32,1645,658,66,599,0.100303951,0.91033,0.223,1.2,13,11,0
62,1325,1123,45,1895,633,89,593,0.140600316,0.936808847,0.23,1.6,32,7,0
63,254,195,24,956,764,105,690,0.137434555,0.903141361,0.33,1.5,42,17,0
64,336,226,22,869,321,43,300,0.133956386,0.934579439,0.54,1.59,43,18,0
65,4563,3261,59,1235,1200,86,900,0.071666667,0.75,0.55,1.8,46,19,0
66,1500,1643,45,1356,546,56,536,0.102564103,0.981684982,0.468,0.9,44,13,0
67,1623,1123,79,1130,697,78,580,0.111908178,0.832137733,0.33,0.7,29,16,0
68,1395,1234,66,1392,632,73,600,0.115506329,0.949367089,0.36,1.1,22,9,0
69,923,726,23,1396,586,43,570,0.07337884,0.972696246,0.346,0.9,35,14,0
70,1203,1132,32,1143,623,43,610,0.069020867,0.979133226,0.28,1.23,36,15,0
71,664,632,56,1236,756,56,710,0.074074074,0.939153439,0.531,1.3,38,11,0
72,536,633,51,1632,846,59,800,0.069739953,0.945626478,0.61,0.7,41,10,0
73,1300,1423,76,1752,541,63,521,0.116451017,0.963031423,0.55,1.32,31,8,0
74,751,921,56,1364,663,66,883,0.099547511,1.331825038,0.41,0.86,45,18,0
75,668,1354,39,1463,786,84,751,0.106870229,0.955470738,0.38,1.87,46,13,0
76,1330,2513,54,846,656,76,610,0.115853659,0.929878049,0.36,1.2,34,19,0
77,789,954,74,946,746,43,701,0.057640751,0.939678284,0.028,1.5,37,13,0
78,331,456,26,786,689,58,652,0.084179971,0.946298984,0.456,1.6,38,18,0
79,456,586,46,843,695,38,653,0.054676259,0.939568345,0.54,0.95,27,17,0
80,745,568,48,694,497,39,485,0.078470825,0.975855131,0.38,0.86,38,10,0
81,1234,2146,39,846,486,28,470,0.057613169,0.967078189,0.33,0.98,34,6,0
82,1843,2543,77,1431,840,53,752,0.063095238,0.895238095,0.52,0.96,26,5,0
83,1543,2438,67,1321,742,42,684,0.056603774,0.921832884,0.34,0.95,32,13,0
84,1324,2164,57,1124,646,39,587,0.060371517,0.908668731,0.45,0.85,29,9,0
85,792,594,59,1315,759,41,598,0.054018445,0.787878788,0.38,0.89,39,18,0
86,864,601,71,1413,854,48,761,0.056206089,0.891100703,0.36,0.94,43,16,0
87,954,524,69,1312,921,52,841,0.056460369,0.913137894,0.27,0.83,41,12,0
88,915,2042,74,1049,741,27,661,0.036437247,0.892037787,0.19,0.73,12,4,0
89,892,1469,54,981,648,26,564,0.040123457,0.87037037,0.56,0.76,17,10,0
90,1132,1328,68,943,923,23,843,0.024918743,0.913326111,0.58,0.81,31,19,0
91,1245,1542,89,962,925,51,846,0.055135135,0.914594595,0.65,0.86,36,17,0
92,1169,1432,81,849,929,61,851,0.065662002,0.916038751,0.64,0.74,49,5,0
93,1236,1321,73,1032,498,63,404,0.126506024,0.81124498,0.72,0.98,48,6,0
94,1289,1214,56,1021,484,73,399,0.150826446,0.824380165,0.43,0.79,39,8,0
95,919,1239,52,1026,659,43,574,0.065250379,0.871016692,0.32,0.88,18,14,0
96,1019,693,43,837,743,41,651,0.055181696,0.876177658,0.59,0.93,19,11,0
97,1021,961,68,1129,793,59,710,0.074401009,0.895334174,0.69,0.97,11,9,0
98,971,2049,38,1034,894,79,812,0.08836689,0.908277405,0.49,0.87,25,12,0
99,977,2324,54,1023,991,68,911,0.068617558,0.919273461,0.56,0.88,15,7,0
100,1029,1694,64,1079,994,29,913,0.02917505,0.918511066,0.43,0.96,42,18,0
101,1021,1789,57,1129,998,72,924,0.072144289,0.925851703,0.26,0.97,33,17,0
102,1432,1876,75,1364,769,69,703,0.089726918,0.914174252,0.46,0.88,37,13,0
103,1176,1234,34,1669,894,65,877,0.072706935,0.98098434,0.36,1.23,23,16,0
104,1236,1546,88,1682,1124,77,1022,0.068505338,0.909252669,0.66,1.2,35,18,0
105,2364,1332,74,1533,1222,56,1200,0.045826514,0.981996727,0.33,1.8,41,19,0
106,961,1236,56,1462,1234,58,910,0.047001621,0.737439222,0.432,1.5,39,17,0
107,541,663,54,1100,953,65,923,0.068205666,0.968520462,0.34,1.6,34,18,0
108,744,841,46,1200,846,65,800,0.076832151,0.945626478,0.36,1.44,36,17,0
109,465,665,21,721,364,32,321,0.087912088,0,0.22,1.5,32,21,0
110,321,412,22,754,846,35,301,0.041371158,0.355791962,0.24,1.3,26,13,0
111,891,1156,89,763,961,81,754,0.084287201,0.784599376,0.126,1.1,40,24,0
112,794,1031,76,1123,743,36,732,0.048452221,0.985195155,0.21,0.99,35,25,0
113,864,1041,53,1159,731,34,720,0.046511628,0.98495212,0.19,1.2,45,15,0
114,1489,1051,31,1011,756,58,721,0.076719577,0.953703704,0.22,0.78,25,9,0
115,1568,1249,39,1016,742,59,734,0.079514825,0.989218329,0.33,0.86,66,8,0
116,1768,1159,58,981,954,51,916,0.053459119,0.960167715,0.56,0.84,86,3,0
117,659,781,43,731,951,63,659,0.066246057,0.692954784,0.11,1.3,76,20,0
118,459,794,47,736,1121,69,661,0.061552186,0.589652096,0.15,1.4,33,19,0
119,789,846,49,931,1021,71,900,0.069539667,0.881488737,0.25,1.21,15,14,0
120,1476,1324,29,1143,1011,76,991,0.075173096,0.980217606,0.35,1.25,95,13,0
121,1984,1569,79,1261,1009,81,996,0.080277502,0.987115956,0.55,1.14,85,23,0
122,1324,732,86,1140,1008,89,894,0.088293651,0.886904762,0.133,1.7,75,10,0
123,796,891,69,1104,1003,83,893,0.082751745,0.890329013,0.159,1.06,55,11,0
124,846,863,19,849,1113,49,812,0.044025157,0.729559748,0.65,0.73,65,17,0
125,961,983,81,796,912,47,781,0.051535088,0.856359649,0.144,0.91,51,19,0
126,919,2106,27,1021,917,39,887,0.042529989,0.967284624,0.125,1.22,31,26,0
127,1109,2119,37,945,925,33,911,0.035675676,0.984864865,0.111,1.05,41,21,0
128,1119,969,71,941,915,51,893,0.055737705,0.975956284,0.13,1.02,81,15,0
129,1786,1054,67,1423,1097,21,999,0.019143118,0.910665451,0.27,0.79,21,26,0
130,851,1061,49,1421,1091,53,976,0.048579285,0.894592117,0.331,0.97,43,21,0
131,651,1051,33,1148,926,83,914,0.089632829,0.987041037,0.221,0.99,33,11,0
132,1651,995,39,1230,893,47,887,0.052631579,0.993281075,0.177,0.88,93,21,0
133,1743,971,29,1103,1100,73,1069,0.066363636,0.971818182,0.129,0.83,83,14,0
134,1736,2007,78,1109,1009,28,979,0.027750248,0.970267592,0.35,0.77,76,16,0
135,916,2108,26,773,706,64,694,0.090651558,0.983002833,0.69,1.24,56,9,0
136,935,1147,24,775,707,53,681,0.074964639,0.963224894,0.118,1.23,46,7,0
137,653,1124,81,677,712,81,644,0.113764045,0.904494382,0.229,1.21,96,5,0
138,1523,1051,75,699,901,91,661,0.10099889,0.733629301,0.226,1.22,41,10,0
139,1464,877,61,688,906,21,644,0.023178808,0.710816777,0.356,1.02,21,23,0
140,1321,871,48,781,806,54,771,0.066997519,0.956575682,0.67,1.09,28,17,0
141,845,868,41,981,709,34,697,0.047954866,0.983074753,0.36,1.08,27,25,0
142,945,2100,39,991,708,89,688,0.125706215,0.971751412,0.49,1.07,57,14,0
143,1654,1981,25,1324,727,87,703,0.119669876,0.96698762,0.473,1.06,47,12,0
144,1459,1743,65,1365,827,77,804,0.093107618,0.972188634,0.216,0.69,37,8,0
145,1651,1624,85,1369,927,71,901,0.076591154,0.971952535,0.28,0.68,88,6,0
146,1793,1549,63,598,947,86,597,0.090813094,0.630411827,0.19,0.85,77,13,0
147,1543,659,43,1125,847,66,813,0.077922078,0.959858323,0.93,0.84,99,19,0
148,873,658,53,1743,893,65,866,0.072788354,0.969764838,0.113,0.81,66,27,0
149,977,988,67,477,793,61,773,0.076923077,0.974779319,0.243,0.93,33,18,0
150,1652,954,84,597,904,59,876,0.065265487,0.969026549,0.381,0.98,44,29,0
151,1102,931,91,771,1021,31,884,0.03036239,0.865817826,0.245,1.02,96,24,0
152,1021,859,93,1145,1156,41,991,0.035467128,0.857266436,0.263,1.12,81,11,0
153,1066,836,81,1513,1211,49,1109,0.040462428,0.915772089,0.289,1.16,38,7,0
154,1054,1136,37,1718,1693,51,1114,0.03012404,0.658003544,0.381,0.94,49,15,0
155,498,1129,29,919,781,55,751,0.070422535,0.961587708,0.116,0.91,55,28,0
156,1369,1294,28,961,749,45,743,0.060080107,0.991989319,0.12,0.89,58,10,0
157,1321,1398,36,932,658,65,619,0.098784195,0.940729483,0.31,0.88,64,8,0
158,1391,1367,48,1164,1029,85,998,0.08260447,0.969873664,0.43,0.78,59,23,0
159,1296,2006,47,1321,1151,95,1014,0.082536924,0.880973067,0.45,0.96,69,20,0
160,599,2096,59,2221,2149,33,2001,0.01535598,0.931130758,0.91,1.06,94,25,0
161,922,771,91,944,657,23,614,0.03500761,0.934550989,0.81,1.11,91,14,0
162,843,779,92,1315,891,83,818,0.09315376,0.918069585,0.114,1.23,81,13,0
163,831,993,98,1914,843,73,831,0.086595492,0.985765125,0.159,1.14,71,17,0
164,1651,1036,96,1615,869,48,821,0.055235903,0.944764097,0.179,1.19,79,19,0
165,1633,1059,65,1123,821,58,817,0.070645554,0.995127893,0.184,1.18,64,9,0
166,1421,1064,64,1159,1169,88,1041,0.075278015,0.890504705,0.412,1.28,63,7,0
167,1141,1158,66,1415,1143,78,1031,0.06824147,0.902012248,0.422,1.25,61,6,0
168,1001,1269,63,1567,1329,79,1121,0.05944319,0.843491347,0.361,0.77,54,12,0
169,919,1238,33,1691,1381,97,1317,0.070238957,0.95365677,0.315,1.04,45,26,0
170,741,789,25,1914,1354,94,1329,0.069423929,0.981536189,0.312,1.08,46,27,0
171,633,981,22,1744,1362,46,1211,0.033773862,0.889133627,0.15,1.07,39,21,0
172,688,856,37,944,712,36,693,0.050561798,0.973314607,0.65,1.05,31,24,0
173,676,1317,47,913,816,33,801,0.040441176,0.981617647,0.39,1.15,33,29,0
174,1196,1357,87,927,914,25,903,0.027352298,0.987964989,0.58,1.23,51,11,0
175,1174,1452,81,1017,913,45,881,0.049288061,0.964950712,0.67,1.24,56,16,0
176,1431,1444,61,1419,1412,35,1311,0.024787535,0.928470255,0.191,1.1,74,13,0
177,1425,1324,41,1916,1467,54,1314,0.036809816,0.895705521,0.291,1.01,71,14,0
178,1658,994,51,1813,1436,34,1401,0.02367688,0.975626741,0.351,0.87,91,28,0
179,1135,944,31,2109,1581,24,1481,0.015180266,0.936748893,0.349,0.88,88,12,0
180,1026,844,77,1931,1612,64,1512,0.039702233,0.937965261,0.359,0.99,84,9,0
181,1329,744,99,1943,1712,71,1683,0.041471963,0.983060748,0.334,0.92,66,8,0
182,591,1145,93,443,399,61,382,0.152882206,0.957393484,0.411,0.98,51,11,0
183,991,1187,71,544,535,51,524,0.095327103,0.979439252,0.141,0.87,23,21,0
184,848,1582,67,599,544,31,533,0.056985294,0.979779412,0.155,0.99,33,23,0
185,783,1161,57,671,455,49,423,0.107692308,0.92967033,0.15,1.02,49,24,0
186,1311,1254,86,478,498,47,446,0.09437751,0.895582329,0.166,1.06,81,29,0
187,1901,1158,84,771,1123,37,1006,0.032947462,0.895814782,0.171,1.05,71,28,0
188,1245,814,54,1197,1199,27,1100,0.022518766,0.917431193,0.433,1.08,61,17,0
189,1211,911,27,1167,1181,57,1036,0.048264183,0.877222693,0.411,1.09,58,18,0
190,1231,719,77,1155,1236,98,1046,0.079288026,0.846278317,0.412,1.06,44,16,0
191,891,1121,57,1177,1781,58,1188,0.032565974,0.667040988,0.413,1.12,34,14,0
192,1121,1494,37,1319,1655,64,1277,0.038670695,0.771601208,0.418,0.97,54,13,0
193,1911,1394,67,1416,1444,61,1344,0.042243767,0.930747922,0.419,0.88,64,12,0
194,2101,1277,48,1466,1344,31,1311,0.023065476,0.975446429,0.426,0.68,84,10,0
195,1713,1377,44,1966,1433,81,1413,0.056524773,0.986043266,0.121,0.78,94,9,0
197,1613,1287,54,1978,1366,77,1357,0.05636896,0.99341142,0.196,0.79,74,8,0
198,1694,1188,34,1811,1397,59,1388,0.042233357,0.993557623,0.188,0.73,14,6,0
199,1513,1198,24,711,693,69,654,0.0995671,0.943722944,0.29,0.74,24,26,0
200,744,911,45,811,775,63,712,0.081290323,0.918709677,0.26,1.22,88,24,0
201,582,652,24,852,652,25,642,0.038343558,0.984662577,0.199,1.19,99,21,0
202,652,785,55,985,786,42,765,0.053435115,0.973282443,0.211,0.122,52,18,0
203,1222,1235,56,1325,1524,45,1324,0.029527559,0.868766404,0.231,0.147,54,14,0
204,852,963,57,862,975,46,945,0.047179487,0.969230769,0.321,0.147,57,15,0
205,745,856,58,754,765,48,742,0.062745098,0.969934641,0.258,0.541,56,16,0
206,564,654,59,625,652,49,685,0.075153374,1.050613497,0.658,0.654,55,16,0
207,652,752,60,852,678,47,785,0.069321534,1.157817109,0.852,0.752,54,17,0
208,456,545,61,546,565,46,786,0.068521,1.391150442,0.962,0.852,56,18,0
209,654,754,61,785,564,48,561,0.085106383,0.994680851,0.632,0.258,54,19,0
210,785,852,62,795,852,49,752,0.057511737,0.882629108,0.542,0.852,55,9,0
211,564,654,41,741,582,41,502,0.070446735,0.862542955,0.963,0.258,56,10,0
212,639,658,42,674,610,42,625,0.068852459,1.024590164,0.582,0.369,57,8,0
213,963,1012,45,987,956,42,895,0.043933054,0.936192469,0.632,0.525,55,9,0
214,975,1122,46,996,945,43,896,0.045502646,0.948148148,0.785,0.582,56,7,0
215,896,875,36,900,852,45,845,0.052816901,0.991784038,0.452,0.586,55,8,0
216,785,795,37,805,750,44,750,0.058666667,1,0.789,0.854,54,6,0
217,856,865,38,880,840,45,841,0.053571429,1.001190476,0.865,0.541,45,6,0
218,892,921,39,925,852,46,900,0.05399061,1.056338028,0.255,0.852,46,4,0
219,952,1023,40,965,940,36,945,0.038297872,1.005319149,0.632,0.585,45,15,0
220,1112,1211,36,1125,999,25,978,0.025025025,0.978978979,0.987,0.654,37,16,0
221,1211,1321,65,1225,1150,26,1099,0.022608696,0.955652174,0.256,0.215,32,14,0
222,1215,1235,75,1225,1198,24,1152,0.020033389,0.961602671,0.369,0.147,38,15,0
223,1256,1260,69,1302,1196,27,1156,0.022575251,0.966555184,0.258,0.741,37,16,0
224,1325,1452,48,1450,1296,28,1256,0.021604938,0.969135802,0.236,0.745,35,14,0
225,1489,1500,31,1398,1325,29,1395,0.021886792,1.052830189,0.325,0.852,36,15,0
226,652,752,28,640,559,25,540,0.044722719,0.966010733,0.256,0.236,35,16,0
227,785,852,36,750,685,28,650,0.040875912,0.948905109,0.321,0.654,25,17,0
228,852,785,25,760,690,29,660,0.042028986,0.956521739,0.654,0.123,23,18,0
229,987,654,25,856,789,30,741,0.038022814,0.939163498,0.852,0.963,25,19,0
230,1012,998,26,963,987,21,852,0.021276596,0.863221884,0.654,0.395,26,18,0
231,1102,1025,27,996,985,45,978,0.045685279,0.992893401,0.741,0.756,25,8,0
232,1421,1325,36,1232,1254,46,1125,0.036682616,0.897129187,0.852,0.741,26,9,0
233,1325,1232,38,1123,1025,45,996,0.043902439,0.971707317,0.879,0.965,27,11,0
234,1235,1125,36,1210,1198,45,999,0.037562604,0.833889816,0.789,0.258,28,12,0
235,1369,1299,48,1190,1095,16,985,0.014611872,0.899543379,0.147,0.258,26,13,0
236,1245,1235,26,1158,1082,21,952,0.019408503,0.879852126,0.369,0.265,28,16,0
237,1125,1098,56,1110,995,29,985,0.029145729,0.989949749,0.456,0.369,30,15,0
238,852,785,21,845,835,36,802,0.043113772,0.960479042,0.369,0.654,25,16,0
239,1025,962,45,845,865,25,836,0.028901734,0.966473988,0.456,0.654,25,18,0
240,895,885,46,876,856,23,846,0.026869159,0.988317757,0.632,0.546,24,19,0
241,1335,1255,65,1198,1089,54,1078,0.049586777,0.98989899,0.125,0.321,36,18,0
242,784,754,24,743,654,56,640,0.085626911,0.978593272,0.258,0.256,34,19,0
243,890,880,56,864,850,54,780,0.063529412,0.917647059,0.265,0.235,54,20,0
244,995,985,52,950,940,25,850,0.026595745,0.904255319,0.854,0.875,25,15,0
245,1032,962,25,940,890,23,750,0.025842697,0.842696629,0.564,0.852,56,16,0
246,851,925,56,910,850,24,810,0.028235294,0.952941176,0.789,0.896,52,14,0
247,1456,1489,45,1465,1430,48,1320,0.033566434,0.923076923,0.564,0.236,58,16,0
248,1430,1340,16,1440,1420,60,1320,0.042253521,0.929577465,0.258,0.336,60,17,0
249,1500,1490,25,1520,1450,56,1440,0.03862069,0.993103448,0.325,0.456,45,18,0
250,1330,1220,48,1350,1250,85,1230,0.068,0.984,0.963,0.875,46,18,0
251,1236,1190,54,1250,1240,58,1238,0.046774194,0.998387097,0.895,0.693,46,17,0
252,950,940,53,960,956,11,954,0.011506276,0.99790795,0.258,0.369,43,14,0
253,1150,1130,56,1170,1158,13,1153,0.011226252,0.995682211,0.321,0.456,48,17,0
254,1054,1051,58,1060,1056,15,1048,0.014204545,0.992424242,0.485,0.785,38,18,0
255,852,845,45,870,860,16,855,0.014204545,0.994186047,0.357,0.452,23,16,0
256,963,954,46,980,970,18,956,0.018556701,0.98556701,0.486,0.62,24,15,0
257,975,964,34,1000,980,20,979,0.014204545,0.998979592,0.246,0.624,26,14,0
258,556,612,33,656,640,21,633,0.0328125,0.9890625,0.456,0.148,24,16,0
259,650,640,35,670,650,22,644,0.033846154,0.990769231,0.369,0.546,25,17,0
260,1458,1440,36,1480,1475,23,1469,0.01559322,0.995932203,0.157,0.269,26,18,0
261,1369,1330,37,1420,1390,25,1379,0.017985612,0.992086331,0.659,0.748,27,19,0
262,1379,1369,39,1430,1399,26,1380,0.018584703,0.986418871,0.265,0.325,28,20,0
263,1156,1140,40,1201,1200,27,1199,0.0225,0.999166667,0.147,0.258,29,10,0
264,1087,1060,41,1101,1088,28,1077,0.025735294,0.989889706,0.369,0.256,30,11,0
265,1254,1233,42,1302,1260,29,1240,0.023015873,0.984126984,0.154,0.126,40,12,0
266,1178,1120,43,1292,1190,30,1180,0.025210084,0.991596639,0.265,0.215,41,13,0
267,1180,1150,44,1205,1195,31,1185,0.025941423,0.991631799,0.458,0.965,42,14,0
268,1232,1198,45,1254,1220,32,1210,0.026229508,0.991803279,0.417,0.564,43,15,0
269,1245,1220,46,1260,1180,33,1178,0.027966102,0.998305085,0.265,0.365,44,16,0
270,1265,1245,47,1270,1190,34,1178,0.028571429,0.989915966,0.956,0.895,45,17,0
271,1045,1032,48,1102,1105,35,1100,0.031674208,0.995475113,0.258,0.369,46,18,0
272,1456,1410,49,1469,1390,36,1350,0.025899281,0.971223022,0.325,0.452,47,19,0
273,1250,1247,50,1302,1156,37,1140,0.03200692,0.98615917,0.789,0.456,48,20,0
274,958,900,20,1010,950,38,940,0.04,0.989473684,0.965,0.123,49,1,0
275,999,950,21,1100,1000,39,998,0.039,0.998,0.369,0.258,50,2,0
276,854,840,22,910,900,40,860,0.044444444,0.955555556,0.265,0.418,30,3,0
277,905,880,23,930,950,41,939,0.043157895,0.988421053,0.958,0.589,31,4,0
278,1021,998,24,1102,1150,42,1140,0.036521739,0.991304348,0.258,0.963,32,5,0
279,1253,1110,25,1300,1105,43,1098,0.038914027,0.993665158,0.852,0.956,33,1,0
280,1456,1236,26,1500,1210,44,1206,0.036363636,0.996694215,0.789,0.456,34,2,0
281,1502,1485,27,1550,1450,45,1440,0.031034483,0.993103448,0.854,0.654,35,3,0
282,1490,1470,28,1550,1440,46,1430,0.031944444,0.993055556,0.478,0.369,36,4,0
283,1230,1235,29,1356,1260,47,1250,0.037301587,0.992063492,0.236,0.235,37,5,0
284,789,770,30,800,760,48,740,0.063157895,0.973684211,0.125,0.215,39,2,0
285,852,800,31,900,780,50,750,0.064102564,0.961538462,0.147,0.214,40,1,0
286,765,740,32,850,802,20,799,0.024937656,0.996259352,0.236,0.456,41,3,0
287,856,810,33,900,789,31,779,0.039290241,0.987325729,0.245,0.246,12,4,0
288,1235,1200,34,1200,1250,21,1520,0.0168,1.216,0.236,0.256,13,5,0
289,1456,1430,35,1230,1330,32,1310,0.02406015,0.984962406,0.745,0.258,14,1,0
290,1110,1080,36,1602,1250,33,1240,0.0264,0.992,0.741,0.2564,12,18,0
291,1230,1202,37,1203,1205,34,1198,0.028215768,0.994190871,0.564,0.245,13,19,0
292,1150,1050,38,1245,1044,35,1035,0.033524904,0.99137931,0.326,0.125,14,20,0
293,1520,1025,40,1256,1025,36,1023,0.035121951,0.99804878,0.236,0.147,15,18,0
294,1562,1452,41,1365,1402,35,1325,0.024964337,0.945078459,0.145,0.321,16,16,0
295,1560,1450,17,1396,1440,36,1460,0.025,1.013888889,0.123,0.456,17,17,0
296,1230,1201,18,1102,1099,37,1088,0.03366697,0.989990901,0.236,0.456,18,15,0
297,1256,1235,19,1189,1026,38,1058,0.037037037,1.031189084,0.254,0.456,19,16,0
298,1325,1299,20,1250,1102,39,1025,0.0353902,0.930127042,0.145,0.125,20,17,0
299,1440,1320,25,1300,1290,40,1109,0.031007752,0.859689922,0.236,0.123,25,14,0
300,1465,1420,26,1298,1289,25,1200,0.01939488,0.930954228,0.125,0.456,26,15,0
301,1582,1652,52,1489,1450,58,1440,0.04,0.993103448,0.455,0.789,30,16,0
302,1600,1670,56,1450,1430,38,1398,0.026573427,0.977622378,0.258,0.369,31,17,0
303,1854,1985,58,1489,1450,45,1420,0.031034483,0.979310345,0.235,0.456,33,18,0
304,1320,1450,54,1492,1436,46,1410,0.032033426,0.98189415,0.456,0.258,35,19,0
305,1850,1950,56,1480,1450,46,1420,0.031724138,0.979310345,0.145,0.458,36,20,0
306,1456,1506,54,1365,1340,36,1330,0.026865672,0.992537313,0.487,0.985,37,11,0
307,1564,1600,55,1450,1400,37,1398,0.026428571,0.998571429,0.963,0.458,38,12,0
308,1465,1490,56,1390,1350,38,1330,0.028148148,0.985185185,0.852,0.547,39,14,0
309,1470,1500,57,1450,1400,39,1390,0.027857143,0.992857143,0.365,0.458,40,15,0
310,1500,1600,25,1485,1441,40,1420,0.027758501,0.985426787,0.254,0.256,41,16,0
311,1587,1590,26,1456,1435,41,1422,0.028571429,0.990940767,0.251,0.253,42,17,0
312,1545,1550,28,1350,1330,42,1320,0.031578947,0.992481203,0.412,0.214,43,18,0
313,1620,1752,29,1400,1399,43,1380,0.03073624,0.986418871,0.278,0.365,44,19,0
314,1750,1850,30,1500,1498,45,1501,0.030040053,1.00200267,0.265,0.256,45,20,0
315,1980,1990,31,1450,1420,46,1410,0.032394366,0.992957746,0.241,0.789,46,19,0
316,1250,1350,32,1480,1450,47,1430,0.032413793,0.986206897,0.458,0.654,47,20,0
317,1789,1897,33,1350,1330,48,1420,0.036090226,1.067669173,0.457,0.124,48,15,0
318,1850,1840,34,1480,1450,49,1410,0.033793103,0.972413793,0.458,0.123,49,16,0
319,1750,1824,35,1450,1425,50,1380,0.035087719,0.968421053,0.546,0.542,45,14,0
320,1652,1550,36,1430,1420,37,1410,0.026056338,0.992957746,0.789,0.987,46,12,0
321,1580,1650,37,1480,1450,38,1440,0.026206897,0.993103448,0.456,0.564,47,13,0
322,1850,1950,38,1450,1400,39,1390,0.027857143,0.992857143,0.145,0.156,48,14,0
323,1950,1900,39,1400,1398,45,1365,0.032188841,0.97639485,0.456,0.654,49,15,0
324,1220,1350,45,1250,1450,46,1421,0.031724138,0.98,0.214,0.236,50,16,0
325,1780,1850,46,1564,1520,47,1498,0.030921053,0.985526316,0.654,0.546,41,17,0
326,1850,1800,47,1489,1472,48,1460,0.032608696,0.991847826,0.546,0.465,42,18,0
327,1950,1900,48,1460,1450,49,1440,0.033793103,0.993103448,0.541,0.457,43,19,0
328,1482,1582,45,1350,1330,35,1320,0.026315789,0.992481203,0.326,0.214,45,20,0
329,1520,1565,46,1430,1420,36,1410,0.025352113,0.992957746,0.256,0.325,46,14,0
330,1650,1750,47,1450,1420,37,1410,0.026056338,0.992957746,0.325,0.215,47,10,0
331,1850,1950,48,1425,1410,38,1390,0.026950355,0.985815603,0.789,0.987,48,11,0
332,1452,1542,49,1365,1340,39,1330,0.029104478,0.992537313,0.875,0.575,49,12,0
333,1564,1654,38,1450,1400,54,1390,0.038571429,0.992857143,0.254,0.546,25,13,0
334,1254,1350,39,1460,1400,56,1380,0.04,0.985714286,0.245,0.254,26,14,0
335,1354,1556,40,1396,1350,57,1340,0.042222222,0.992592593,0.654,0.546,27,15,0
336,1698,1769,41,1450,1436,40,1420,0.027855153,0.988857939,0.548,0.854,28,16,0
337,1769,1850,42,1365,1350,41,1340,0.03037037,0.992592593,0.365,0.325,30,18,0
338,1850,1958,43,1378,1352,42,1345,0.031065089,0.994822485,0.256,0.652,31,19,0
339,1654,1765,44,1458,1440,43,1435,0.029861111,0.996527778,0.698,0.985,32,20,0
340,1582,1685,45,1460,1408,45,1398,0.031960227,0.992897727,0.214,0.415,33,11,0
341,1235,1350,46,1425,1410,46,1369,0.032624113,0.970921986,0.265,0.698,34,12,0
342,1365,1470,47,1436,1420,47,1398,0.033098592,0.984507042,0.654,0.256,21,3,0
343,1450,1550,48,1469,1450,48,1440,0.033103448,0.993103448,0.456,0.258,22,14,0
344,1526,1630,66,785,452,26,430,0.057522124,0.951327434,0.23,0.8,25,12,0
345,1000,1234,54,456,200,35,195,0.175,0.975,0.54,0.7,24,12,0
346,1050,1080,55,489,203,35,165,0.172413793,0.812807882,0.52,0.9,35,13,0
347,1565,1589,65,568,460,26,420,0.056521739,0.913043478,0.53,0.8,36,15,0
348,1235,1564,25,859,456,36,423,0.078947368,0.927631579,0.42,0.9,24,14,0
349,1236,1325,36,678,356,34,350,0.095505618,0.983146067,0.35,0.96,24,9,0
350,1232,1652,45,598,256,26,243,0.1015625,0.94921875,0.52,0.89,45,8,0
351,1451,1654,56,657,356,35,321,0.098314607,0.901685393,0.42,0.89,46,16,0
352,1654,1789,65,859,456,34,426,0.074561404,0.934210526,0.53,0.74,41,15,0
353,1245,1654,32,654,321,36,310,0.112149533,0.965732087,0.51,0.85,35,14,0
354,1124,1235,52,587,356,45,324,0.126404494,0.91011236,0.42,0.96,38,12,0
355,1965,1654,63,526,321,25,311,0.07788162,0.968847352,0.55,0.75,39,13,0
356,1547,1987,41,1354,750,35,659,0.046666667,0.878666667,0.51,0.86,34,12,0
357,1895,1999,52,1456,700,26,680,0.037142857,0.971428571,0.42,0.95,37,8,0
358,1365,1456,63,542,256,33,235,0.12890625,0.91796875,0.41,0.74,28,9,0
359,1269,1356,56,1453,652,36,620,0.055214724,0.950920245,0.43,1.02,26,7,0
360,1248,1564,54,987,456,35,432,0.076754386,0.947368421,0.52,1.32,37,15,0
361,1569,1695,54,568,253,32,241,0.126482213,0.95256917,0.63,1.25,28,12,0
362,1854,1965,63,596,256,31,236,0.12109375,0.921875,0.42,1.65,54,13,0
363,1654,1987,56,587,289,45,269,0.155709343,0.930795848,0.53,1.45,53,14,0
364,1235,1356,45,458,246,42,231,0.170731707,0.93902439,0.62,1.98,53,13,0
365,1654,1856,69,769,350,35,342,0.1,0.977142857,0.54,1.36,56,12,0
366,1223,1355,25,958,850,32,750,0.037647059,0.882352941,0.52,1.05,58,11,0
367,1451,1555,36,698,564,31,520,0.054964539,0.921985816,0.65,1.32,32,10,0
368,1754,1654,31,879,423,33,398,0.078014184,0.940898345,0.63,1.65,21,10,0
369,1695,1672,25,568,350,45,326,0.128571429,0.931428571,0.54,1.24,22,12,0
370,1253,1286,65,569,321,42,311,0.130841121,0.968847352,0.61,1.35,16,15,0
371,1896,1995,45,845,423,44,421,0.104018913,0.995271868,0.54,1.26,24,14,0
372,1456,1566,15,687,325,41,312,0.126153846,0.96,0.43,1.02,25,28,0
373,1985,1999,16,869,423,46,410,0.108747045,0.969267139,0.32,1.03,33,9,0
374,1554,1666,24,589,234,47,210,0.200854701,0.897435897,0.54,1.56,44,7,0
375,1665,1689,53,987,456,42,321,0.092105263,0.703947368,0.56,1.45,42,5,0
376,1478,1563,65,689,254,43,210,0.169291339,0.826771654,0.54,1.98,41,12,0
377,1998,1999,34,1058,500,45,459,0.09,0.918,0.42,1.75,56,9,0
378,1887,1987,38,1069,524,38,501,0.072519084,0.95610687,0.34,1.65,32,11,0
379,1888,1965,39,1289,621,34,623,0.054750403,1.003220612,0.42,1.23,60,13,0
380,1997,1998,34,1356,1000,49,900,0.049,0.9,0.42,1.02,72,12,0
381,1632,1765,54,1254,625,48,562,0.0768,0.8992,0.52,1.06,45,14,1
382,1322,1456,65,1325,623,45,614,0.07223114,0.985553772,0.53,1.25,65,12,0
383,1622,1744,18,1364,623,46,600,0.073836276,0.963081862,0.51,1.56,24,12,0
384,1489,1564,78,985,425,42,859,0.098823529,2.021176471,0.43,1.53,27,13,0
385,1654,1546,49,968,450,43,963,0.095555556,2.14,0.62,1.45,54,11,0
386,1596,1645,50,974,453,35,965,0.077262693,2.130242826,0.52,1.69,54,10,0
387,1365,1456,45,1045,521,36,501,0.069097889,0.961612284,0.42,1.02,35,14,0
388,1895,1965,45,1065,532,38,523,0.071428571,0.983082707,0.52,1.24,65,9,0
389,1489,1545,68,1235,563,39,523,0.069271758,0.928952043,0.53,1.65,24,8,0
390,1459,1658,59,1345,623,34,620,0.054574639,0.995184591,0.51,1.45,35,12,0
391,1896,1965,57,1265,523,37,511,0.070745698,0.977055449,0.456,1.25,26,10,0
392,1654,1987,24,1333,623,45,599,0.07223114,0.961476726,0.524,1.23,57,12,0
393,1225,1356,65,1345,452,49,444,0.10840708,0.982300885,0.634,1.03,48,11,0
394,1965,1984,14,1023,654,46,632,0.070336391,0.966360856,0.512,1.65,46,13,0
395,1658,1689,43,1002,354,47,326,0.132768362,0.920903955,0.534,1.23,57,14,0
396,1655,1688,52,1032,652,36,623,0.055214724,0.955521472,0.534,1.45,68,14,0
397,1965,1968,62,1065,625,39,600,0.0624,0.96,0.514,1.65,25,12,0
398,1356,1456,85,1003,456,38,423,0.083333333,0.927631579,0.531,1.26,69,10,0
399,1998,1999,64,1269,563,38,542,0.06749556,0.962699822,0.621,1.23,54,11,0
400,1452,1564,54,1365,546,39,526,0.071428571,0.963369963,0.423,1.56,35,9,0
401,1654,1489,25,1456,500,54,480,0.108,0.96,0,1.86,24,7,0
402,1325,1564,36,1324,456,36,423,0.078947368,0.927631579,0.52,1.1,26,15,0
403,1665,1664,31,1236,623,45,600,0.07223114,0.963081862,0.53,1.5,40,12,0
404,1165,1965,25,1254,562,47,523,0.083629893,0.930604982,0.42,1.2,10,13,0
405,1694,987,65,1125,564,42,541,0.074468085,0.959219858,0.35,1.3,15,14,0
406,1325,1265,45,1224,589,43,596,0.073005093,1.01188455,0.52,1.2,54,13,0
407,1986,1654,15,1663,564,45,521,0.079787234,0.923758865,0.42,1.2,55,12,0
408,1345,1965,16,1552,546,38,521,0.06959707,0.954212454,0.53,0.96,15,11,0
409,1965,1655,24,1203,622,34,610,0.054662379,0.980707395,0.51,0.89,23,10,0
410,1547,1456,53,1032,523,49,510,0.093690249,0.975143403,0.42,0.89,58,10,0
411,1432,1235,65,1056,450,48,421,0.106666667,0.935555556,0.55,0.74,23,12,0
412,1965,1896,34,1012,564,45,542,0.079787234,0.960992908,0.51,0.85,13,15,0
413,1235,1241,38,1011,562,46,521,0.081850534,0.927046263,0.42,0.96,16,14,0
414,966,1021,55,1102,456,42,412,0.092105263,0.903508772,0.41,0.75,35,11,0
415,985,1203,48,1032,498,43,450,0.086345382,0.903614458,0.43,0.86,13,12,0
416,1569,1423,65,1002,456,35,421,0.076754386,0.923245614,0.52,0.95,32,13,0
417,856,785,25,1230,658,36,564,0.054711246,0.857142857,0.63,0.74,15,16,0
418,1456,1356,36,1012,754,38,658,0.050397878,0.872679045,0.42,1.02,18,15,0
419,1689,1985,45,1045,654,39,623,0.059633028,0.952599388,0.53,1.32,19,16,0
420,1357,1456,56,1025,623,34,601,0.054574639,0.964686998,0.62,1.25,25,18,0
421,1774,1894,65,1014,632,37,635,0.058544304,1.004746835,0.54,1.65,23,19,0
422,1655,1956,32,1000,653,45,621,0.068912711,0.950995406,0.478,1.45,29,18,0
423,956,1001,52,985,568,54,521,0.095070423,0.917253521,0.236,1.98,26,19,0
424,965,1021,63,968,594,56,563,0.094276094,0.947811448,0.125,1.36,42,20,0
425,856,956,41,952,748,57,654,0.076203209,0.874331551,0.147,1.05,45,15,0
426,745,854,52,974,759,40,772,0.052700922,1.0171278,0.236,1.32,41,16,0
427,1165,1123,63,963,748,41,732,0.054812834,0.978609626,0.245,1.65,42,14,0
428,1669,1456,56,952,765,42,741,0.054901961,0.968627451,0.236,1.24,43,16,0
429,1564,1654,54,985,749,43,723,0.05740988,0.965287049,0.745,1.35,45,17,0
430,1694,1785,65,964,725,45,714,0.062068966,0.984827586,0.741,1.26,46,18,0
431,1598,1256,55,974,746,46,721,0.061662198,0.966487936,0.564,1.02,47,18,0
432,1499,1564,57,942,712,47,701,0.066011236,0.984550562,0.326,1.03,48,12,0
433,1325,1456,59,1022,759,48,752,0.063241107,0.990777339,0.236,1.56,49,4,0
434,1664,1564,87,1033,625,26,632,0.0416,1.0112,0.145,1.45,42,10,0
435,1694,1565,56,1044,546,35,521,0.064102564,0.954212454,0.123,1.98,45,19,0
436,1994,1896,58,1002,530,35,512,0.066037736,0.966037736,0.236,1.75,46,17,0
437,1695,1689,59,1003,524,26,501,0.049618321,0.95610687,0.254,1.65,43,5,0
438,1321,1456,57,1020,522,36,511,0.068965517,0.978927203,0.145,1.23,48,6,0
439,1231,1564,24,1302,533,34,510,0.063789869,0.95684803,0.236,1.02,42,8,0
440,956,895,65,1456,511,26,501,0.050880626,0.980430528,0.125,1.06,49,14,0
441,865,789,14,984,564,35,523,0.062056738,0.927304965,0.455,1.25,48,11,0
442,789,740,43,855,598,34,587,0.056856187,0.981605351,0.564,1.56,46,9,0
443,1023,965,52,1235,765,45,741,0.058823529,0.968627451,0.326,1.53,45,12,0
444,1045,985,62,987,420,25,410,0.05952381,0.976190476,0.236,1.45,42,7,0
445,1002,997,85,964,465,45,451,0.096774194,0.969892473,0.145,1.69,46,18,0
446,1402,1520,64,963,435,46,421,0.105747126,0.967816092,0.123,1.02,42,17,0
447,1032,1324,54,1221,495,35,425,0.070707071,0.858585859,0.236,1.24,41,13,0
448,1506,1654,69,1012,512,65,510,0.126953125,0.99609375,0.254,1.65,41,16,0
449,1056,1245,58,1032,466,59,421,0.126609442,0.903433476,0.546,1.54,46,18,0
450,897,1023,45,985,654,54,524,0.082568807,0.801223242,0.856,1.21,48,19,0
451,951,927,57,1132,512,42,502,0.08203125,0.98046875,0.567,1.34,47,17,0
452,1236,1056,65,1225,624,49,614,0.078525641,0.983974359,0.447,1.32,46,18,0
453,1145,1032,53,989,562,46,532,0.081850534,0.946619217,0.333,1.26,39,17,0
454,1098,999,52,1011,567,46,546,0.081128748,0.962962963,0.462,1.31,38,14,0
455,1120,1020,62,1022,561,48,532,0.085561497,0.948306595,0.444,1.36,37,15,0
456,1263,1210,67,1113,624,56,569,0.08974359,0.911858974,0.512,1.22,42,17,0
457,1296,1103,61,1033,612,52,594,0.08496732,0.970588235,0.495,1.57,46,15,0
458,1032,925,67,1098,601,49,586,0.081530782,0.975041597,0.523,1.49,39,16,0
459,1325,1265,62,1156,625,50,617,0.08,0.9872,0.511,1.39,41,14,0
460,1483,1362,68,1265,612,54,591,0.088235294,0.965686275,0.459,1.36,40,16,0
461,1267,1132,60,1132,502,51,490,0.101593625,0.976095618,0.265,1.22,46,13,0
462,1102,1032,53,1069,546,54,531,0.098901099,0.972527473,0.412,1.21,39,16,0
463,1162,1109,57,1062,548,55,521,0.100364964,0.950729927,0.489,1.29,41,12,0
464,1159,1103,68,1156,625,61,611,0.0976,0.9776,0.478,1.26,42,17,1
465,1148,1129,62,1189,612,59,598,0.096405229,0.977124183,0.512,1.23,46,13,0
466,1326,1265,61,1023,604,57,578,0.094370861,0.956953642,0.456,1.12,43,16,0
467,1489,1325,69,956,562,53,546,0.09430605,0.971530249,0.492,1.26,40,13,1
468,1245,1189,56,946,549,51,512,0.092896175,0.932604736,0.397,1.38,39,17,0
469,1362,1168,59,980,602,61,546,0.101328904,0.906976744,0.392,1.43,45,15,0
470,1169,983,53,1325,621,60,609,0.096618357,0.980676329,0.368,1.41,46,14,0
471,1095,985,53,989,546,56,522,0.102564103,0.956043956,0.532,1.39,49,13,0
472,1078,943,51,1166,576,58,549,0.100694444,0.953125,0.486,1.47,43,17,0
473,1165,1023,57,1032,549,53,531,0.096539162,0.967213115,0.496,1.32,41,15,0
474,1298,1163,61,1062,553,53,541,0.095840868,0.978300181,0.485,1.19,39,18,0
475,1497,1230,64,1069,556,55,536,0.098920863,0.964028777,0.523,1.42,38,16,0
476,1388,1263,64,1154,572,57,549,0.09965035,0.95979021,0.514,1.36,39,18,0
477,1394,1153,58,1259,624,62,601,0.099358974,0.963141026,0.511,1.35,41,16,1
478,1257,1198,59,1562,681,68,627,0.099853157,0.920704846,0.498,1.22,39,17,1
479,1159,1030,51,1263,562,53,548,0.09430605,0.975088968,0.485,1.24,37,13,1
480,1490,1392,67,1659,652,67,612,0.102760736,0.938650307,0.426,1.65,38,14,0
481,1023,981,54,1689,642,66,602,0.102803738,0.937694704,0.452,1.26,36,15,0
482,1483,1265,59,1562,562,56,546,0.099644128,0.971530249,0.462,1.19,41,14,0
483,1462,1132,58,1435,543,55,512,0.101289134,0.942909761,0.512,0.998,40,16,0
484,1325,1277,67,1421,621,61,602,0.098228663,0.969404187,0.487,0.863,36,13,0
485,1233,1119,61,1132,501,51,498,0.101796407,0.994011976,0.463,1.64,39,17,0
486,1212,1189,60,1026,562,55,536,0.097864769,0.953736655,0.453,1.62,39,14,0
487,1453,1367,66,1624,620,62,589,0.1,0.95,0.483,1.52,42,15,0
488,1322,1277,64,1555,562,56,536,0.099644128,0.953736655,0.479,1.39,43,13,0
489,1263,1199,59,1325,578,57,542,0.098615917,0.937716263,0.398,1.32,39,12,0
490,1298,1207,61,1624,594,58,579,0.097643098,0.974747475,0.387,1.26,41,15,0
491,1486,1365,63,1487,599,59,581,0.098497496,0.969949917,0.512,1.45,45,17,0
492,1499,1322,66,1114,517,51,489,0.098646035,0.945841393,0.517,1.32,43,16,0
493,1369,1267,61,1452,562,54,526,0.096085409,0.93594306,0.503,1.28,46,15,0
494,1398,1244,62,1624,623,61,583,0.097913323,0.935794543,0.426,0.97,39,13,0
495,1444,1344,64,1462,596,59,548,0.098993289,0.919463087,0.447,0.83,35,17,0
496,1326,1241,60,1120,543,154,524,0.283609576,0.965009208,0.364,1.11,36,14,1
497,1251,1207,59,1432,598,58,569,0.096989967,0.951505017,0.46,0.94,39,16,1
498,1473,1399,65,1106,524,54,509,0.103053435,0.971374046,0.571,0.91,38,15,1
499,1407,1231,59,1153,503,250,487,0.497017893,0.968190855,0.523,0.96,40,16,0
500,1430,1400,66,1543,624,61,583,0.09775641,0.934294872,0.543,1.2,42,14,0
501,54,62,759,952,2295,265,2095,0.11546841,0.912854031,0.562,0.2297,43,28,1
502,56,1,562,785,2220,132,2213,0.059459459,0.996846847,0.563,0.4265,34,24,0
503,54,3,598,748,1122,1005,1122,0.895721925,1,0.564,0.4796,35,26,1
504,34,73,563,796,2001,1765,1988,0.882058971,0.993503248,0.569,0.4831,47,21,1
505,23,49,684,1263,1846,1623,1832,0.879198267,0.992416035,0.568,0.4821,45,24,1
506,47,5,692,2540,3742,2956,3654,0.789951897,0.976483164,0.625,0.4712,34,29,1
507,22,53,635,2202,3303,2694,3299,0.815622162,0.99878898,0.635,0.5,37,27,1
508,33,2,789,2002,3001,2463,2997,0.820726425,0.998667111,0.624,0.5,49,26,0
509,44,1,982,2001,3456,1984,3441,0.574074074,0.995659722,0.699,0.22,47,20,1
510,56,83,629,2001,3216,2034,3102,0.632462687,0.964552239,0.684,0.489,39,30,1
511,57,85,784,798,2102,1874,2100,0.891531874,0.999048525,0.614,0.458,38,29,1
512,9,85,792,849,2203,1654,2199,0.750794371,0.998184294,0.958,0.362,30,30,0
513,10,94,777,895,2310,1987,2286,0.86017316,0.98961039,0.987,0.2789,50,21,0
514,12,4,999,1563,2445,1866,2441,0.763190184,0.998364008,0.948,0.289,40,22,1
515,11,129,888,1489,2326,1684,2321,0.723989682,0.997850387,0.954,0.261,46,24,1
516,13,35,992,1230,2001,1452,1990,0.725637181,0.994502749,0.962,0.423,43,30,1
517,43,36,603,1260,2223,1552,2220,0.698155646,0.998650472,0.952,0.487,45,22,1
518,31,85,651,1790,2745,1996,2740,0.727140255,0.998178506,0.684,0.462,46,23,1
519,99,9,532,1840,2864,1864,2862,0.650837989,0.999301676,0.567,0.425,43,28,1
520,78,8,521,984,2210,1684,2200,0.76199095,0.995475113,0.648,0.4657,34,27,1
521,76,7,546,956,2100,1423,2095,0.677619048,0.997619048,0.789,0.4871,33,29,0
522,65,72,584,975,2113,1489,2100,0.704685282,0.99384761,0.789,0.1187,44,26,1
523,85,72,596,985,2361,1876,2351,0.794578568,0.995764507,0.854,0.118,34,21,1
524,84,74,578,1562,2996,1994,2990,0.665554072,0.99799733,0.958,0.1987,35,22,1
525,83,85,521,1489,2456,1659,2450,0.675488599,0.997557003,0.911,0.1843,36,25,1
526,32,49,564,2190,3004,1846,3001,0.614513981,0.999001332,0.811,0.1462,37,22,1
527,31,5,574,2015,2995,1974,2110,0.659098497,0.704507513,0.611,0.14,38,26,1
528,30,98,532,2036,3002,1882,3001,0.62691539,0.999666889,0.711,0.19,39,22,1
529,40,99,598,2098,3016,1964,3002,0.651193634,0.99535809,0.659,0.17,30,28,1
530,50,75,584,2156,3123,1995,3100,0.638808838,0.992635287,0.852,0.16,40,27,1
531,60,75,782,2451,3645,2216,3640,0.607956104,0.998628258,0.854,0.221,50,26,1
532,65,64,795,2500,3556,2256,3410,0.634420697,0.958942632,0.856,0.357,49,30,1
533,75,84,784,2487,3512,2200,3510,0.62642369,0.999430524,0.953,0.687,50,26,1
534,9,93,842,2315,3621,2310,3620,0.637945319,0.999723833,0.981,0.268,48,21,1
535,10,4,846,1987,3337,2102,3330,0.629907102,0.997902307,0.853,0.245,47,24,1
536,12,43,892,863,1956,1450,1950,0.741308793,0.996932515,0.88,0.377,46,29,1
537,13,65,841,1487,2659,1846,2650,0.694245957,0.996615269,0.99,0.388,44,28,1
538,41,74,862,1985,2885,1946,2880,0.674523397,0.998266898,0.77,0.399,43,24,1
539,51,3,871,1879,2756,1997,2750,0.724600871,0.997822932,0.66,0.145,42,26,1
540,99,85,832,1569,2556,1625,2550,0.635758998,0.997652582,0.55,0.177,41,25,1
541,88,89,954,1486,2463,1554,2460,0.630937881,0.998781973,0.96,0.188,32,31,1
542,63,42,975,1256,2316,1469,2312,0.634283247,0.998272884,0.663,0.199,32,30,1
543,72,32,762,999,2113,1321,2099,0.625177473,0.993374349,665,0.463,33,22,1
544,39,27,743,985,2345,1466,2339,0.625159915,0.997441365,1,0.472,44,29,1
545,38,28,782,845,1645,1320,1639,0.802431611,0.996352584,1,0.425,34,27,1
546,45,29,741,763,1664,1360,1655,0.817307692,0.994591346,1,0.456,44,21,1
547,48,33,965,1298,1987,1456,1982,0.732762959,0.997483644,1,0.491,46,22,1
548,45,44,987,2000,3038,2030,3030,0.668202765,0.997366689,1.02,0.492,45,29,1
549,43,55,1156,2489,3346,2410,3345,0.720263001,0.999701136,1.03,0.49,46,25,1
550,23,67,1489,2132,3126,2130,3120,0.681381958,0.998080614,0.92,0.48,47,22,1
551,22,56,1263,2569,3896,2543,3891,0.652720739,0.998716632,0.93,0.47,48,24,1
552,46,45,1789,2481,3785,2463,3764,0.650726552,0.994451783,0.91,0.263,40,25,1
553,57,32,1236,2579,3654,2421,3610,0.662561576,0.987958402,0.89,0.41,30,26,1
554,58,102,1478,2470,3541,2316,3512,0.654052528,0.991810223,0.87,0.471,44,20,1
555,59,43,1259,2145,3125,2103,3119,0.67296,0.99808,0.86,0.154,33,30,1
556,60,75,1111,2203,3245,2230,3230,0.687211094,0.995377504,0.84,0.126,32,28,1
557,64,78,1589,2302,3625,2466,3594,0.680275862,0.991448276,0.779,0.147,31,26,0
558,73,77,1478,2610,3697,2486,3678,0.672437111,0.994860698,0.59,0.369,37,30,1
559,83,98,1369,2563,3564,2331,3558,0.654040404,0.998316498,0.56,0.258,39,25,1
560,93,67,1248,2459,3452,2130,3450,0.617033604,0.999420626,0.54,0.159,37,30,1
561,23,65,1369,2146,3154,2248,3150,0.71274572,0.998731769,0.665,0.357,50,21,1
562,12,74,1254,2358,3541,2684,3539,0.757977972,0.999435188,0.884,0.26,36,30,1
563,19,84,1478,2016,3112,2294,3100,0.73714653,0.996143959,0.862,0.247,35,26,1
564,18,9,1324,2031,3026,2036,3020,0.672835426,0.998017184,0.862,0.268,34,24,1
565,17,8,1239,2148,3365,2222,3360,0.660326895,0.998514116,0.953,0.241,33,20,1
566,61,7,1123,2550,3498,2348,3485,0.671240709,0.996283591,0.954,0.143,32,23,1
567,88,12,1126,2110,3568,2694,3565,0.755044843,0.999159193,0.982,0.149,31,27,1
568,75,2,1184,2447,3649,2664,3640,0.730063031,0.997533571,0.97,0.163,36,29,1
569,45,36,1159,999,1998,1561,1995,0.781281281,0.998498498,1,0.362,39,24,1
570,36,91,1247,826,1876,1420,1873,0.756929638,0.998400853,0.625,0.22,38,23,0
571,36,19,1489,845,1845,1321,1840,0.71598916,0.997289973,0.654,0.11,30,25,1
572,26,18,1421,863,1945,1584,1939,0.814395887,0.996915167,1,0.268,37,26,1
573,27,17,1432,964,1975,1632,1970,0.826329114,0.997468354,0.567,0.295,41,21,1
574,109,17,1657,920,1988,1667,1981,0.838531187,0.996478873,0.87,0.24,42,24,1
575,92,16,1478,740,1756,1235,1754,0.703302961,0.998861048,0.99,0.154,49,27,1
576,29,62,1203,760,1456,1220,1452,0.837912088,0.997252747,1,0.126,40,29,1
577,38,64,1209,840,1741,1597,1740,0.917288914,0.999425617,1,0.247,50,28,1
578,56,97,1236,2215,2465,1897,2460,0.769574037,0.997971602,1,0.321,47,25,1
579,75,10,1258,2478,3221,2301,3221,0.714374418,1,1.02,0.495,46,20,1
580,85,100,1249,2330,3120,2102,3115,0.673717949,0.998397436,1.04,0.415,48,21,1
581,85,89,1269,2220,3111,2003,3110,0.643844423,0.99967856,0.995,0.57,38,29,1
582,94,65,1148,2102,3150,2031,3140,0.644761905,0.996825397,0.654,0.268,35,24,1
583,94,78,598,2013,3100,2306,3099,0.743870968,0.999677419,0.89,0.289,32,25,1
584,8,64,627,2045,3642,2362,3640,0.648544756,0.999450851,0.7765,0.24,30,23,1
585,7,66,784,2069,3210,2143,3205,0.667601246,0.998442368,0.8765,0.25,31,26,1
586,9,46,633,2084,3205,2210,3126,0.689547582,0.975351014,0.9765,0.26,36,27,1
587,10,43,699,2047,3130,2100,3124,0.670926518,0.998083067,0.9967,0.32,39,21,1
588,11,76,684,2063,3160,2201,3145,0.696518987,0.995253165,1,0.63,30,28,1
589,19,79,541,1999,2861,1936,2848,0.676686473,0.995456134,1,0.498,40,29,1
590,72,76,512,1879,2751,1945,2741,0.707015631,0.996364958,1,0.478,50,24,1
591,83,2,789,1487,2456,1756,2450,0.714983713,0.997557003,1,0.48,49,25,0
592,46,2,1133,1684,2658,1846,2650,0.694507148,0.996990218,1.03,0.5,48,23,1
593,47,3,1440,1268,2351,1654,2349,0.703530413,0.999149298,1.06,0.44,47,20,1
594,106,5,1460,1148,2165,1324,2159,0.611547344,0.997228637,0.911,0.33,41,24,0
595,4,9,1597,1000,2130,1264,2120,0.59342723,0.995305164,0.912,0.26,42,29,1
596,37,32,1003,1500,2410,1452,2405,0.602489627,0.997925311,0.7812,0.123,48,27,1
597,83,29,510,2000,2994,1876,2990,0.626586506,0.998663995,0.768,0.154,49,26,1
598,93,28,563,2500,3420,2364,3415,0.69122807,0.998538012,0.659,0.165,47,25,1
599,33,27,1000,900,1945,1520,1936,0.781491003,0.995372751,0.999,0.122,45,23,1
600,100,26,1500,800,1876,1320,1874,0.703624733,0.998933902,1,0.102,46,21,0
601,25,17,730,1560,2002,1546,2000,0.772227772,0.999000999,0.8,0.15,52,27,0
